date,domain,issuer,not_before,not_after,days_remaining
2024-09-01,apello.org,Let's Encrypt,2024-07-20,2024-10-18,47
2024-09-02,apello.org,Let's Encrypt,2024-07-20,2024-10-18,46
2024-09-03,apello.org,Let's Encrypt,2024-07-20,2024-10-18,45
2024-09-04,apello.org,Let's Encrypt,2024-07-20,2024-10-18,44
2024-09-05,apello.org,Let's Encrypt,2024-07-20,2024-10-18,43
2024-09-06,apello.org,Let's Encrypt,2024-07-20,2024-10-18,42
2024-09-07,apello.org,Let's Encrypt,2024-07-20,2024-10-18,41
2024-09-08,apello.org,Let's Encrypt,2024-07-20,2024-10-18,40
2024-09-09,apello.org,Let's Encrypt,2024-07-20,2024-10-18,39
2024-09-10,apello.org,Let's Encrypt,2024-07-20,2024-10-18,38
2024-09-11,apello.org,Let's Encrypt,2024-07-20,2024-10-18,37
2024-09-12,apello.org,Let's Encrypt,2024-07-20,2024-10-18,36
2024-09-13,apello.org,Let's Encrypt,2024-07-20,2024-10-18,35
2024-09-14,apello.org,Let's Encrypt,2024-07-20,2024-10-18,34
2024-09-15,apello.org,Let's Encrypt,2024-07-20,2024-10-18,33
2024-09-16,apello.org,Let's Encrypt,2024-07-20,2024-10-18,32
2024-09-17,apello.org,Let's Encrypt,2024-07-20,2024-10-18,31
2024-09-18,apello.org,Let's Encrypt,2024-07-20,2024-10-18,30
2024-09-19,apello.org,Let's Encrypt,2024-07-20,2024-10-18,29
2024-09-20,apello.org,Let's Encrypt,2024-07-20,2024-10-18,28
2024-09-21,apello.org,Let's Encrypt,2024-07-20,2024-10-18,27
2024-09-22,apello.org,Let's Encrypt,2024-07-20,2024-10-18,26
2024-09-23,apello.org,Let's Encrypt,2024-07-20,2024-10-18,25
2024-09-24,apello.org,Let's Encrypt,2024-07-20,2024-10-18,24
2024-09-25,apello.org,Let's Encrypt,2024-07-20,2024-10-18,23
2024-09-26,apello.org,Let's Encrypt,2024-07-20,2024-10-18,22
2024-09-27,apello.org,Let's Encrypt,2024-07-20,2024-10-18,21
2024-09-28,apello.org,Let's Encrypt,2024-07-20,2024-10-18,20
2024-09-29,apello.org,Let's Encrypt,2024-07-20,2024-10-18,19
2024-09-30,apello.org,Let's Encrypt,2024-07-20,2024-10-18,18
2024-09-01,apello.xyz,Let's Encrypt,2024-07-20,2024-10-18,47
2024-09-02,apello.xyz,Let's Encrypt,2024-07-20,2024-10-18,46
2024-09-03,apello.xyz,Let's Encrypt,2024-07-20,2024-10-18,45
2024-09-04,apello.xyz,Let's Encrypt,2024-07-20,2024-10-18,44
2024-09-05,apello.xyz,Let's Encrypt,2024-07-20,2024-10-18,43
2024-09-06,apello.xyz,Let's Encrypt,2024-07-20,2024-10-18,42
2024-09-07,apello.xyz,Let's Encrypt,2024-07-20,2024-10-18,41
2024-09-08,apello.xyz,Let's Encrypt,2024-07-20,2024-10-18,40
2024-09-09,apello.xyz,Let's Encrypt,2024-07-20,2024-10-18,39
2024-09-10,apello.xyz,Let's Encrypt,2024-07-20,2024-10-18,38
2024-09-11,apello.xyz,Let's Encrypt,2024-07-20,2024-10-18,37
2024-09-12,apello.xyz,Let's Encrypt,2024-07-20,2024-10-18,36
2024-09-13,apello.xyz,Let's Encrypt,2024-07-20,2024-10-18,35
2024-09-14,apello.xyz,Let's Encrypt,2024-07-20,2024-10-18,34
2024-09-15,apello.xyz,Let's Encrypt,2024-07-20,2024-10-18,33
2024-09-16,apello.xyz,Let's Encrypt,2024-07-20,2024-10-18,32
2024-09-17,apello.xyz,Let's Encrypt,2024-07-20,2024-10-18,31
2024-09-18,apello.xyz,Let's Encrypt,2024-07-20,2024-10-18,30
2024-09-19,apello.xyz,Let's Encrypt,2024-07-20,2024-10-18,29
2024-09-20,apello.xyz,Let's Encrypt,2024-07-20,2024-10-18,28
2024-09-21,apello.xyz,Let's Encrypt,2024-07-20,2024-10-18,27
2024-09-22,apello.xyz,Let's Encrypt,2024-07-20,2024-10-18,26
2024-09-23,apello.xyz,Let's Encrypt,2024-07-20,2024-10-18,25
2024-09-24,apello.xyz,Let's Encrypt,2024-07-20,2024-10-18,24
2024-09-25,apello.xyz,Let's Encrypt,2024-07-20,2024-10-18,23
2024-09-26,apello.xyz,Let's Encrypt,2024-07-20,2024-10-18,22
2024-09-27,apello.xyz,Let's Encrypt,2024-07-20,2024-10-18,21
2024-09-28,apello.xyz,Let's Encrypt,2024-07-20,2024-10-18,20
2024-09-29,apello.xyz,Let's Encrypt,2024-07-20,2024-10-18,19
2024-09-30,apello.xyz,Let's Encrypt,2024-07-20,2024-10-18,18
